concept,cav_method,layer,technique,alpha,r1_accuracy,r2a_similarity,r2b_similarity,r1_baseline,r2a_baseline,r2b_baseline,delta_r1,delta_r2a,delta_r2b
camel,mean_diff,16,projection,3.0,0.375,0.4983442537486553,0.9789453074336052,0.375,0.46999039500951767,0.9999997690320015,0.0,-0.02835385873913765,0.0210544615983963
camel,mean_diff,16,projection,6.0,0.375,0.6787318140268326,0.7575341910123825,0.375,0.46999039500951767,0.9999997690320015,0.0,-0.2087414190173149,0.242465578019619
camel,mean_diff,16,projection,10.0,0.375,0.5920855551958084,0.4847451522946358,0.375,0.46999039500951767,0.9999997690320015,0.0,-0.12209516018629074,0.5152546167373657
camel,mean_diff,16,projection,15.0,0.375,0.4537996016442776,0.5095570161938667,0.375,0.46999039500951767,0.9999997690320015,0.0,0.016190793365240097,0.49044275283813477
camel,mean_diff,16,projection,20.0,0.25,0.3475097343325615,0.40765031427145004,0.375,0.46999039500951767,0.9999997690320015,0.125,0.12248066067695618,0.5923494547605515
camel,mean_diff,24,projection,3.0,0.375,0.445340383797884,0.8933384343981743,0.375,0.46999039500951767,0.9999997690320015,0.0,0.024650011211633682,0.10666133463382721
camel,mean_diff,24,projection,6.0,0.0,0.33496444672346115,0.6876108944416046,0.375,0.46999039500951767,0.9999997690320015,0.375,0.13502594828605652,0.3123888745903969
camel,mean_diff,24,projection,10.0,0.0,0.04141495726071298,0.2531257625669241,0.375,0.46999039500951767,0.9999997690320015,0.375,0.4285754377488047,0.7468740064650774
camel,mean_diff,24,projection,15.0,0.0,-0.05675281165167689,0.09040396939963102,0.375,0.46999039500951767,0.9999997690320015,0.375,0.5267432066611946,0.9095957996323705
camel,mean_diff,24,projection,20.0,0.0,-0.08983636181801558,0.03394692693836987,0.375,0.46999039500951767,0.9999997690320015,0.375,0.5598267568275332,0.9660528420936316
camel,mean_diff,27,projection,3.0,0.0,0.4631481021642685,0.8666296079754829,0.375,0.46999039500951767,0.9999997690320015,0.375,0.006842292845249176,0.13337016105651855
camel,mean_diff,27,projection,6.0,0.0,0.20315602235496044,0.5527114644646645,0.375,0.46999039500951767,0.9999997690320015,0.375,0.26683437265455723,0.44728830456733704
camel,mean_diff,27,projection,10.0,0.0,0.002103220671415329,0.1983779538422823,0.375,0.46999039500951767,0.9999997690320015,0.375,0.46788717433810234,0.8016218151897192
camel,mean_diff,27,projection,15.0,0.0,-0.06965401815250516,0.07144605042412877,0.375,0.46999039500951767,0.9999997690320015,0.375,0.5396444131620228,0.9285537186078727
camel,mean_diff,27,projection,20.0,0.0,-0.10066718887537718,0.023767432081513107,0.375,0.46999039500951767,0.9999997690320015,0.375,0.5706575838848948,0.9762323369504884
camel,svm,16,projection,3.0,0.375,0.4659893065690994,0.9394218772649765,0.375,0.46999039500951767,0.9999997690320015,0.0,0.004001088440418243,0.060577891767024994
camel,svm,16,projection,6.0,0.375,0.676819309592247,0.4973407872021198,0.375,0.46999039500951767,0.9999997690320015,0.0,-0.20682891458272934,0.5026589818298817
camel,svm,16,projection,10.0,0.375,-0.20337781123816967,0.7530856654047966,0.375,0.46999039500951767,0.9999997690320015,0.0,0.6733682062476873,0.2469141036272049
camel,svm,16,projection,15.0,0.0,-0.36918917298316956,0.15296669863164425,0.375,0.46999039500951767,0.9999997690320015,0.375,0.8391795679926872,0.8470330704003572
camel,svm,16,projection,20.0,0.0,-0.3640167564153671,0.07811006251722574,0.375,0.46999039500951767,0.9999997690320015,0.375,0.8340071514248848,0.9218897065147758
camel,svm,24,projection,3.0,0.375,0.5041351951658726,0.9781038016080856,0.375,0.46999039500951767,0.9999997690320015,0.0,-0.034144800156354904,0.021895967423915863
camel,svm,24,projection,6.0,0.375,0.49269333854317665,0.9195638969540596,0.375,0.46999039500951767,0.9999997690320015,0.0,-0.02270294353365898,0.0804358720779419
camel,svm,24,projection,10.0,0.125,0.45205483213067055,0.8176543638110161,0.375,0.46999039500951767,0.9999997690320015,0.25,0.017935562878847122,0.1823454052209854
camel,svm,24,projection,15.0,0.125,0.38530271127820015,0.6980587840080261,0.375,0.46999039500951767,0.9999997690320015,0.25,0.08468768373131752,0.3019409850239754
camel,svm,24,projection,20.0,0.0,0.3132030628621578,0.5881755128502846,0.375,0.46999039500951767,0.9999997690320015,0.375,0.15678733214735985,0.4118242561817169
camel,svm,27,projection,3.0,0.375,0.49550876021385193,0.9874607250094414,0.375,0.46999039500951767,0.9999997690320015,0.0,-0.02551836520433426,0.01253904402256012
camel,svm,27,projection,6.0,0.375,0.4998423308134079,0.9567836970090866,0.375,0.46999039500951767,0.9999997690320015,0.0,-0.02985193580389023,0.043216072022914886
camel,svm,27,projection,10.0,0.125,0.4776010327041149,0.8957927003502846,0.375,0.46999039500951767,0.9999997690320015,0.25,-0.007610637694597244,0.10420706868171692
camel,svm,27,projection,15.0,0.0,0.42253684997558594,0.8070863038301468,0.375,0.46999039500951767,0.9999997690320015,0.375,0.04745354503393173,0.1929134652018547
camel,svm,27,projection,20.0,0.0,0.3603980094194412,0.717454582452774,0.375,0.46999039500951767,0.9999997690320015,0.375,0.10959238559007645,0.28254518657922745
bee,mean_diff,16,projection,3.0,0.7333333333333333,0.5760055760542552,0.975862960020701,0.7333333333333333,0.48735443949699403,0.9999996940294902,0.0,-0.08865113655726115,0.02413673400878913
bee,mean_diff,16,projection,6.0,0.7333333333333333,0.40878597696622215,0.9325156132380168,0.7333333333333333,0.48735443949699403,0.9999996940294902,0.0,0.07856846253077188,0.06748408079147339
bee,mean_diff,16,projection,10.0,0.8666666666666667,,,0.7333333333333333,0.48735443949699403,0.9999996940294902,-0.13333333333333341,,
bee,mean_diff,16,projection,15.0,0.26666666666666666,,,0.7333333333333333,0.48735443949699403,0.9999996940294902,0.4666666666666666,,
bee,mean_diff,16,projection,20.0,0.13333333333333333,,,0.7333333333333333,0.48735443949699403,0.9999996940294902,0.6,,
bee,mean_diff,24,projection,3.0,0.7333333333333333,0.4487017571926117,0.9197750012079875,0.7333333333333333,0.48735443949699403,0.9999996940294902,0.0,0.038652682304382346,0.08022469282150269
bee,mean_diff,24,projection,6.0,0.7333333333333333,0.404315064350764,0.768065349260966,0.7333333333333333,0.48735443949699403,0.9999996940294902,0.0,0.08303937514623005,0.23193434476852415
bee,mean_diff,24,projection,10.0,0.26666666666666666,0.16516284197568892,0.4239314615726471,0.7333333333333333,0.48735443949699403,0.9999996940294902,0.4666666666666666,0.3221915975213051,0.5760682324568431
bee,mean_diff,24,projection,15.0,0.13333333333333333,0.00499957213178277,0.17698856939872107,0.7333333333333333,0.48735443949699403,0.9999996940294902,0.6,0.48235486736521127,0.8230111246307691
bee,mean_diff,24,projection,20.0,0.06666666666666667,-0.05694983700911204,0.07640287913382053,0.7333333333333333,0.48735443949699403,0.9999996940294902,0.6666666666666666,0.544304276506106,0.9235968148956697
bee,mean_diff,27,projection,3.0,0.6666666666666666,0.4193633198738098,0.9194944540659586,0.7333333333333333,0.48735443949699403,0.9999996940294902,0.06666666666666665,0.06799111962318422,0.08050523996353154
bee,mean_diff,27,projection,6.0,0.6666666666666666,0.3159724473953247,0.7459295908610026,0.7333333333333333,0.48735443949699403,0.9999996940294902,0.06666666666666665,0.17138199210166932,0.25407010316848755
bee,mean_diff,27,projection,10.0,0.4,0.09674807315071424,0.41162083148956297,0.7333333333333333,0.48735443949699403,0.9999996940294902,0.33333333333333326,0.39060636634627977,0.5883788625399272
bee,mean_diff,27,projection,15.0,0.3333333333333333,-0.001654902659356594,0.1815015494823456,0.7333333333333333,0.48735443949699403,0.9999996940294902,0.39999999999999997,0.4890093421563506,0.8184981445471446
bee,mean_diff,27,projection,20.0,0.13333333333333333,-0.03901778260866801,0.08428146491448084,0.7333333333333333,0.48735443949699403,0.9999996940294902,0.6,0.526372222105662,0.9157182291150093
bee,svm,16,projection,3.0,0.6666666666666666,0.5043984174728393,0.9868661085764567,0.7333333333333333,0.48735443949699403,0.9999996940294902,0.06666666666666665,-0.01704397797584528,0.013133585453033447
bee,svm,16,projection,6.0,0.6666666666666666,0.4858275135358175,0.9516074577967326,0.7333333333333333,0.48735443949699403,0.9999996940294902,0.06666666666666665,0.0015269259611765396,0.04839223623275757
bee,svm,16,projection,10.0,0.6,0.3806885878245036,0.873124901453654,0.7333333333333333,0.48735443949699403,0.9999996940294902,0.1333333333333333,0.10666585167249043,0.12687479257583623
bee,svm,16,projection,15.0,0.6,0.3492785215377808,0.7418975909550984,0.7333333333333333,0.48735443949699403,0.9999996940294902,0.1333333333333333,0.13807591795921326,0.25810210307439174
bee,svm,16,projection,20.0,0.8666666666666667,0.3929969310760498,0.6591962059338887,0.7333333333333333,0.48735443949699403,0.9999996940294902,-0.13333333333333341,0.0943575084209442,0.34080348809560146
bee,svm,24,projection,3.0,0.7333333333333333,0.48972139358520506,0.9856088519096374,0.7333333333333333,0.48735443949699403,0.9999996940294902,0.0,-0.0023669540882110263,0.014390842119852754
bee,svm,24,projection,6.0,0.6666666666666666,0.46242504517237343,0.9524238506952921,0.7333333333333333,0.48735443949699403,0.9999996940294902,0.06666666666666665,0.024929394324620602,0.047575843334198065
bee,svm,24,projection,10.0,0.4666666666666667,0.41447365283966064,0.893623149394989,0.7333333333333333,0.48735443949699403,0.9999996940294902,0.2666666666666666,0.07288078665733339,0.10637654463450119
bee,svm,24,projection,15.0,0.06666666666666667,0.35711909929911295,0.8073071718215943,0.7333333333333333,0.48735443949699403,0.9999996940294902,0.6666666666666666,0.13023534019788108,0.1926925222078959
bee,svm,24,projection,20.0,0.0,0.31007601221402487,0.723264217376709,0.7333333333333333,0.48735443949699403,0.9999996940294902,0.7333333333333333,0.17727842728296916,0.2767354766527812
bee,svm,27,projection,3.0,0.7333333333333333,0.5000356376171112,0.9927090922991435,0.7333333333333333,0.48735443949699403,0.9999996940294902,0.0,-0.012681198120117199,0.00729060173034668
bee,svm,27,projection,6.0,0.6,0.49762927492459613,0.9748308300971985,0.7333333333333333,0.48735443949699403,0.9999996940294902,0.1333333333333333,-0.010274835427602103,0.025168863932291674
bee,svm,27,projection,10.0,0.3333333333333333,0.47691109776496887,0.9415820916493733,0.7333333333333333,0.48735443949699403,0.9999996940294902,0.39999999999999997,0.010443341732025158,0.05841760238011684
bee,svm,27,projection,15.0,0.13333333333333333,0.4370691398779551,0.887505296866099,0.7333333333333333,0.48735443949699403,0.9999996940294902,0.6,0.05028529961903894,0.11249439716339116
bee,svm,27,projection,20.0,0.0,0.39005417625109357,0.8264134128888448,0.7333333333333333,0.48735443949699403,0.9999996940294902,0.7333333333333333,0.09730026324590046,0.17358628114064534
horse,mean_diff,16,projection,3.0,0.0,0.4989578028519948,0.9883011460304261,0.0,0.4987942337989807,0.9999996781349182,0.0,-0.00016356905301412317,0.011698532104492121
horse,mean_diff,16,projection,6.0,0.0,0.49778778354326886,0.953322152296702,0.0,0.4987942337989807,0.9999996781349182,0.0,0.0010064502557118327,0.04667752583821616
horse,mean_diff,16,projection,10.0,0.0,0.5113352060317993,0.8557892282803853,0.0,0.4987942337989807,0.9999996781349182,0.0,-0.012540972232818581,0.1442104498545329
horse,mean_diff,16,projection,15.0,0.0,0.4140591561794281,0.7182708938916524,0.0,0.4987942337989807,0.9999996781349182,0.0,0.08473507761955257,0.28172878424326575
horse,mean_diff,16,projection,20.0,0.0,0.338524129986763,0.5899805982907613,0.0,0.4987942337989807,0.9999996781349182,0.0,0.16027010381221768,0.41001907984415686
horse,mean_diff,24,projection,3.0,0.0,0.5122811138629914,0.9917452931404114,0.0,0.4987942337989807,0.9999996781349182,0.0,-0.013486880064010665,0.008254384994506814
horse,mean_diff,24,projection,6.0,0.0,0.5121628661950429,0.9707733631134033,0.0,0.4987942337989807,0.9999996781349182,0.0,-0.01336863239606223,0.029226315021514848
horse,mean_diff,24,projection,10.0,0.0,0.4811636606852214,0.926690932114919,0.0,0.4987942337989807,0.9999996781349182,0.0,0.017630573113759318,0.07330874601999915
horse,mean_diff,24,projection,15.0,0.0,0.4183058182398478,0.8537427703539531,0.0,0.4987942337989807,0.9999996781349182,0.0,0.08048841555913289,0.14625690778096512
horse,mean_diff,24,projection,20.0,0.0,0.36544735034306847,0.7662256797154744,0.0,0.4987942337989807,0.9999996781349182,0.0,0.13334688345591222,0.2337739984194438
horse,mean_diff,27,projection,3.0,0.0,0.506026166677475,0.9932957768440247,0.0,0.4987942337989807,0.9999996781349182,0.0,-0.007231932878494329,0.006703901290893488
horse,mean_diff,27,projection,6.0,0.0,0.5002187371253968,0.9748811006546021,0.0,0.4987942337989807,0.9999996781349182,0.0,-0.0014245033264160822,0.025118577480316095
horse,mean_diff,27,projection,10.0,0.0,0.4724973261356354,0.9350168108940125,0.0,0.4987942337989807,0.9999996781349182,0.0,0.026296907663345304,0.06498286724090574
horse,mean_diff,27,projection,15.0,0.0,0.4236501713593801,0.8674200812975565,0.0,0.4987942337989807,0.9999996781349182,0.0,0.07514406243960059,0.13257959683736165
horse,mean_diff,27,projection,20.0,0.0,0.3733192801475525,0.781418776512146,0.0,0.4987942337989807,0.9999996781349182,0.0,0.1254749536514282,0.21858090162277222
horse,svm,16,projection,3.0,0.0,0.4875841637452443,0.9845056176185608,0.0,0.4987942337989807,0.9999996781349182,0.0,0.011210070053736365,0.015494060516357377
horse,svm,16,projection,6.0,0.0,0.47027364174524944,0.9316290974617004,0.0,0.4987942337989807,0.9999996781349182,0.0,0.028520592053731253,0.06837058067321777
horse,svm,16,projection,10.0,0.0,0.41653244296709696,0.7927457133928935,0.0,0.4987942337989807,0.9999996781349182,0.0,0.08226179083188373,0.20725396474202473
horse,svm,16,projection,15.0,0.0,0.27910771866639456,0.6394904931386312,0.0,0.4987942337989807,0.9999996781349182,0.0,0.21968651513258614,0.36050918499628704
horse,svm,16,projection,20.0,0.0,-0.18128631561994552,0.5117974440256755,0.0,0.4987942337989807,0.9999996781349182,0.0,0.6800805494189262,0.4882022341092427
horse,svm,24,projection,3.0,0.0,0.5104682604471843,0.9899143695831298,0.0,0.4987942337989807,0.9999996781349182,0.0,-0.011674026648203606,0.010085308551788352
horse,svm,24,projection,6.0,0.0,0.5084209084510803,0.9643534700075785,0.0,0.4987942337989807,0.9999996781349182,0.0,-0.009626674652099654,0.03564620812733965
horse,svm,24,projection,10.0,0.0,0.4948170026143392,0.9234365701675415,0.0,0.4987942337989807,0.9999996781349182,0.0,0.003977231184641494,0.07656310796737664
horse,svm,24,projection,15.0,0.0,0.47801311214764913,0.8574779351552327,0.0,0.4987942337989807,0.9999996781349182,0.0,0.020781121651331558,0.14252174297968545
horse,svm,24,projection,20.0,0.0,0.4238520880540212,0.7791899522145589,0.0,0.4987942337989807,0.9999996781349182,0.0,0.0749421457449595,0.2208097259203593
horse,svm,27,projection,3.0,0.0,0.4943285604317983,0.994263478120168,0.0,0.4987942337989807,0.9999996781349182,0.0,0.004465673367182399,0.00573620001475017
horse,svm,27,projection,6.0,0.0,0.4873256742954254,0.9778737942377727,0.0,0.4987942337989807,0.9999996781349182,0.0,0.011468559503555298,0.022125883897145537
horse,svm,27,projection,10.0,0.0,0.5097947458426157,0.9412515958150228,0.0,0.4987942337989807,0.9999996781349182,0.0,-0.011000512043635058,0.05874808231989537
horse,svm,27,projection,15.0,0.0,0.4730124294757843,0.8569180448849996,0.0,0.4987942337989807,0.9999996781349182,0.0,0.025781804323196378,0.14308163324991863
horse,svm,27,projection,20.0,0.0,0.3803388516108195,0.7603441119194031,0.0,0.4987942337989807,0.9999996781349182,0.0,0.1184553821881612,0.2396555662155151
penguin,mean_diff,16,projection,3.0,1.0,0.6143380174270043,0.8962865059192364,1.0,0.4889291410262768,0.9999996882218581,0.0,-0.1254088764007275,0.10371318230262172
penguin,mean_diff,16,projection,6.0,0.8461538461538461,0.5856397702143743,0.5167084107032189,1.0,0.4889291410262768,0.9999996882218581,0.15384615384615385,-0.09671062918809747,0.4832912775186392
penguin,mean_diff,16,projection,10.0,0.15384615384615385,,,1.0,0.4889291410262768,0.9999996882218581,0.8461538461538461,,
penguin,mean_diff,16,projection,15.0,0.7692307692307693,,,1.0,0.4889291410262768,0.9999996882218581,0.23076923076923073,,
penguin,mean_diff,16,projection,20.0,0.9230769230769231,,,1.0,0.4889291410262768,0.9999996882218581,0.07692307692307687,,
penguin,mean_diff,24,projection,3.0,1.0,0.4964523957325862,0.9484139222365159,1.0,0.4889291410262768,0.9999996882218581,0.0,-0.007523254706309379,0.05158576598534226
penguin,mean_diff,24,projection,6.0,1.0,0.46462042056597197,0.849238973397475,1.0,0.4889291410262768,0.9999996882218581,0.0,0.024308720460304856,0.15076071482438314
penguin,mean_diff,24,projection,10.0,0.0,0.35226969535534197,0.6684426023409917,1.0,0.4889291410262768,0.9999996882218581,1.0,0.13665944567093485,0.3315570858808664
penguin,mean_diff,24,projection,15.0,0.0,0.2109044400545267,0.395948935013551,1.0,0.4889291410262768,0.9999996882218581,1.0,0.27802470097175014,0.6040507532083071
penguin,mean_diff,24,projection,20.0,0.0,0.09545806451485707,0.2321312129497528,1.0,0.4889291410262768,0.9999996882218581,1.0,0.39347107651141977,0.7678684752721053
penguin,mean_diff,27,projection,3.0,1.0,0.5200506013173324,0.9574516644844642,1.0,0.4889291410262768,0.9999996882218581,0.0,-0.031121460291055558,0.04254802373739397
penguin,mean_diff,27,projection,6.0,1.0,0.4134230178136092,0.8625279802542466,1.0,0.4889291410262768,0.9999996882218581,0.0,0.07550612321266764,0.13747170796761154
penguin,mean_diff,27,projection,10.0,0.15384615384615385,0.2695917762242831,0.6637028914231521,1.0,0.4889291410262768,0.9999996882218581,0.8461538461538461,0.21933736480199373,0.33629679679870605
penguin,mean_diff,27,projection,15.0,0.0,0.16377903578373101,0.4220691185731154,1.0,0.4889291410262768,0.9999996882218581,1.0,0.32515010524254584,0.5779305696487427
penguin,mean_diff,27,projection,20.0,0.0,0.10366199452143449,0.2681904641481546,1.0,0.4889291410262768,0.9999996882218581,1.0,0.38526714650484234,0.7318092240737035
penguin,svm,16,projection,3.0,1.0,0.5351044168839088,0.9338553639558645,1.0,0.4889291410262768,0.9999996882218581,0.0,-0.046175275857631926,0.06614432426599359
penguin,svm,16,projection,6.0,0.6153846153846154,0.6201187647306002,0.6596037699626043,1.0,0.4889291410262768,0.9999996882218581,0.3846153846153846,-0.1311896237043234,0.34039591825925386
penguin,svm,16,projection,10.0,0.0,0.46797885115330035,0.6132544462497418,1.0,0.4889291410262768,0.9999996882218581,1.0,0.02095028987297648,0.38674524197211635
penguin,svm,16,projection,15.0,0.3076923076923077,0.07582103117154194,0.34746670722961426,1.0,0.4889291410262768,0.9999996882218581,0.6923076923076923,0.4131081098547349,0.6525329809922439
penguin,svm,16,projection,20.0,0.38461538461538464,-0.10790854692459106,0.26455535223850835,1.0,0.4889291410262768,0.9999996882218581,0.6153846153846154,0.5968376879508679,0.7354443359833498
penguin,svm,24,projection,3.0,1.0,0.523011849476741,0.9927386091305659,1.0,0.4889291410262768,0.9999996882218581,0.0,-0.03408270845046413,0.007261079091292255
penguin,svm,24,projection,6.0,1.0,0.5305622632686908,0.9778414368629456,1.0,0.4889291410262768,0.9999996882218581,0.0,-0.041633122242414,0.022158251358912584
penguin,svm,24,projection,10.0,0.07692307692307693,0.5205676830731906,0.9458335546346811,1.0,0.4889291410262768,0.9999996882218581,0.9230769230769231,-0.03163854204691374,0.054166133587177034
penguin,svm,24,projection,15.0,0.0,0.4827894683067615,0.8870275524946359,1.0,0.4889291410262768,0.9999996882218581,1.0,0.006139672719515321,0.1129721357272222
penguin,svm,24,projection,20.0,0.0,0.42928873346402097,0.8196090184725248,1.0,0.4889291410262768,0.9999996882218581,1.0,0.05964040756225586,0.18039066974933338
penguin,svm,27,projection,3.0,1.0,0.5142318789775555,0.9976347409761869,1.0,0.4889291410262768,0.9999996882218581,0.0,-0.025302737951278687,0.0023649472456712672
penguin,svm,27,projection,6.0,1.0,0.5256375807982224,0.9935971452639654,1.0,0.4889291410262768,0.9999996882218581,0.0,-0.0367084397719456,0.006402542957892776
penguin,svm,27,projection,10.0,1.0,0.5170261561870575,0.9857798081177932,1.0,0.4889291410262768,0.9999996882218581,0.0,-0.02809701516078067,0.014219880104064941
penguin,svm,27,projection,15.0,0.07692307692307693,0.48354824918967027,0.9721360940199631,1.0,0.4889291410262768,0.9999996882218581,0.9230769230769231,0.0053808918366065606,0.027863594201894992
penguin,svm,27,projection,20.0,0.0,0.44283780226340663,0.9550734437428988,1.0,0.4889291410262768,0.9999996882218581,1.0,0.04609133876287019,0.04492624447895932
violin,mean_diff,16,projection,3.0,1.0,0.5833012461662292,0.9704072541660733,1.0,0.5036530494689941,0.9999996953540378,0.0,-0.07964819669723511,0.029592441187964447
violin,mean_diff,16,projection,6.0,0.8888888888888888,0.5421516497929891,0.9043171869383918,1.0,0.5036530494689941,0.9999996953540378,0.11111111111111116,-0.03849860032399499,0.09568250841564596
violin,mean_diff,16,projection,10.0,1.0,0.521405405468411,0.6820258564419217,1.0,0.5036530494689941,0.9999996953540378,0.0,-0.017752355999416825,0.31797383891211606
violin,mean_diff,16,projection,15.0,0.0,0.32330307943953407,0.3582507802380456,1.0,0.5036530494689941,0.9999996953540378,1.0,0.18034997002946007,0.6417489151159922
violin,mean_diff,16,projection,20.0,0.0,0.2015974356068505,0.308892273861501,1.0,0.5036530494689941,0.9999996953540378,1.0,0.30205561386214363,0.6911074214925368
violin,mean_diff,24,projection,3.0,1.0,0.49296527438693577,0.9975192745526632,1.0,0.5036530494689941,0.9999996953540378,0.0,0.01068777508205837,0.002480420801374561
violin,mean_diff,24,projection,6.0,0.8888888888888888,0.49198760588963825,0.9893695910771688,1.0,0.5036530494689941,0.9999996953540378,0.11111111111111116,0.011665443579355894,0.010630104276868946
violin,mean_diff,24,projection,10.0,0.3333333333333333,0.5010347697469923,0.9664039015769958,1.0,0.5036530494689941,0.9999996953540378,0.6666666666666667,0.002618279722001793,0.033595793777041916
violin,mean_diff,24,projection,15.0,0.0,0.45544599493344623,0.9096036023563809,1.0,0.5036530494689941,0.9999996953540378,1.0,0.04820705453554791,0.09039609299765683
violin,mean_diff,24,projection,20.0,0.0,0.3963303003046248,0.8452479640642802,1.0,0.5036530494689941,0.9999996953540378,1.0,0.10732274916436935,0.1547517312897576
violin,mean_diff,27,projection,3.0,1.0,0.5010440217124091,0.9942811992433336,1.0,0.5036530494689941,0.9999996953540378,0.0,0.002609027756585003,0.005718496110704185
violin,mean_diff,27,projection,6.0,0.8888888888888888,0.49021418889363605,0.9762939347161187,1.0,0.5036530494689941,0.9999996953540378,0.11111111111111116,0.013438860575358091,0.02370576063791907
violin,mean_diff,27,projection,10.0,0.8888888888888888,0.46589164932568866,0.9313868747817146,1.0,0.5036530494689941,0.9999996953540378,0.11111111111111116,0.03776140014330548,0.06861282057232321
violin,mean_diff,27,projection,15.0,0.5555555555555556,0.4237824049260881,0.8418762154049344,1.0,0.5036530494689941,0.9999996953540378,0.4444444444444444,0.07987064454290604,0.15812347994910336
violin,mean_diff,27,projection,20.0,0.5555555555555556,0.38485603862338597,0.7464144859049056,1.0,0.5036530494689941,0.9999996953540378,0.4444444444444444,0.11879701084560818,0.2535852094491322
violin,svm,16,projection,3.0,1.0,0.551700062221951,0.9515606496069167,1.0,0.5036530494689941,0.9999996953540378,0.0,-0.048047012752956864,0.0484390457471211
violin,svm,16,projection,6.0,0.7777777777777778,0.43480093942748177,0.8507241871621873,1.0,0.5036530494689941,0.9999996953540378,0.2222222222222222,0.06885211004151237,0.14927550819185043
violin,svm,16,projection,10.0,0.0,0.4015579620997111,0.7486145165231493,1.0,0.5036530494689941,0.9999996953540378,1.0,0.10209508736928302,0.2513851788308885
violin,svm,16,projection,15.0,0.0,0.4238384697172377,0.6904322836134169,1.0,0.5036530494689941,0.9999996953540378,1.0,0.07981457975175643,0.30956741174062086
violin,svm,16,projection,20.0,0.3333333333333333,0.446764287021425,0.6332641972435845,1.0,0.5036530494689941,0.9999996953540378,0.6666666666666667,0.05688876244756913,0.36673549811045325
violin,svm,24,projection,3.0,1.0,0.5085910691155328,0.9943786263465881,1.0,0.5036530494689941,0.9999996953540378,0.0,-0.004938019646538616,0.0056210690074496306
violin,svm,24,projection,6.0,0.7777777777777778,0.4944228033224742,0.9837617807918124,1.0,0.5036530494689941,0.9999996953540378,0.2222222222222222,0.00923024614651996,0.016237914562225342
violin,svm,24,projection,10.0,0.0,0.48033931189113194,0.9615760909186469,1.0,0.5036530494689941,0.9999996953540378,1.0,0.023313737577862204,0.038423604435390835
violin,svm,24,projection,15.0,0.0,0.44081204136212665,0.9197386436992221,1.0,0.5036530494689941,0.9999996953540378,1.0,0.06284100810686749,0.08026105165481567
violin,svm,24,projection,20.0,0.0,0.3847588565614488,0.8705690503120422,1.0,0.5036530494689941,0.9999996953540378,1.0,0.11889419290754533,0.12943064504199553
violin,svm,27,projection,3.0,0.7777777777777778,0.5011885563532511,0.9968959622912936,1.0,0.5036530494689941,0.9999996953540378,0.2222222222222222,0.0024644931157430383,0.0031037330627441406
violin,svm,27,projection,6.0,0.4444444444444444,0.48718813723988,0.9899084700478448,1.0,0.5036530494689941,0.9999996953540378,0.5555555555555556,0.016464912229114115,0.010091225306192997
violin,svm,27,projection,10.0,0.0,0.4613487952285343,0.9735357893837823,1.0,0.5036530494689941,0.9999996953540378,1.0,0.04230425424045986,0.026463905970255497
violin,svm,27,projection,15.0,0.0,0.3955869674682617,0.9447283148765564,1.0,0.5036530494689941,0.9999996953540378,1.0,0.10806608200073242,0.05527138047748137
violin,svm,27,projection,20.0,0.0,0.3246016800403595,0.9131465024418302,1.0,0.5036530494689941,0.9999996953540378,1.0,0.17905136942863464,0.08685319291220761
bird,mean_diff,16,projection,3.0,0.0,0.515117613474528,0.9753163456916809,0.0,0.4855507870515188,0.9999997655550639,0.0,-0.02956682642300923,0.02468341986338296
bird,mean_diff,16,projection,6.0,0.0,0.4290761967500051,0.8284961700439453,0.0,0.4855507870515188,0.9999997655550639,0.0,0.056474590301513694,0.1715035955111186
bird,mean_diff,16,projection,10.0,0.0,,,0.0,0.4855507870515188,0.9999997655550639,0.0,,
bird,svm,16,projection,3.0,0.0,0.5770830710728964,0.9188163081804911,0.0,0.4855507870515188,0.9999997655550639,0.0,-0.09153228402137759,0.08118345737457278
bird,svm,16,projection,6.0,0.0,0.6398901462554931,0.430137046178182,0.0,0.4855507870515188,0.9999997655550639,0.0,-0.15433935920397435,0.5698627193768819
bird,svm,16,projection,10.0,0.0,-0.1190946896870931,0.5972947220007578,0.0,0.4855507870515188,0.9999997655550639,0.0,0.6046454767386119,0.40270504355430603
bird,svm,16,projection,15.0,0.0,-0.1628149410088857,0.5274345993995666,0.0,0.4855507870515188,0.9999997655550639,0.0,0.6483657280604045,0.47256516615549726
tabby_cat,mean_diff,16,projection,3.0,0.0,0.4777154803276062,0.9609458327293396,0.0,0.4646729866663615,0.999999753634135,0.0,-0.013042493661244714,0.039053920904795314
tabby_cat,mean_diff,16,projection,6.0,0.0,0.4637427131334941,0.901672915617625,0.0,0.4646729866663615,0.999999753634135,0.0,0.0009302735328673983,0.09832683801650999
tabby_cat,mean_diff,16,projection,10.0,0.0,0.4141411244869232,0.7730017383893331,0.0,0.4646729866663615,0.999999753634135,0.0,0.05053186217943828,0.2269980152448019
tabby_cat,mean_diff,16,projection,15.0,0.0,0.39978460073471067,0.6496534804503123,0.0,0.4646729866663615,0.999999753634135,0.0,0.0648883859316508,0.3503462731838226
tabby_cat,mean_diff,16,projection,20.0,0.0,-0.16785493592421213,0.32257994810740154,0.0,0.4646729866663615,0.999999753634135,0.0,0.6325279225905736,0.6774198055267334
tabby_cat,mean_diff,24,projection,3.0,0.0,0.4955024361610413,0.9519432624181111,0.0,0.4646729866663615,0.999999753634135,0.0,-0.030829449494679806,0.048056491216023844
tabby_cat,mean_diff,24,projection,6.0,0.0,0.48401901324590046,0.851680866877238,0.0,0.4646729866663615,0.999999753634135,0.0,-0.01934602657953899,0.14831888675689697
tabby_cat,mean_diff,24,projection,10.0,0.0,0.3476938307285309,0.6434700628121693,0.0,0.4646729866663615,0.999999753634135,0.0,0.11697915593783059,0.3565296908219656
tabby_cat,mean_diff,24,projection,15.0,0.0,0.21390236169099808,0.3244998544454575,0.0,0.4646729866663615,0.999999753634135,0.0,0.2507706249753634,0.6754998991886775
tabby_cat,mean_diff,24,projection,20.0,0.0,0.13957014083862304,0.1722810909152031,0.0,0.4646729866663615,0.999999753634135,0.0,0.3251028458277384,0.8277186627189319
tabby_cat,mean_diff,27,projection,3.0,0.0,0.5236645221710206,0.9476985375086466,0.0,0.4646729866663615,0.999999753634135,0.0,-0.058991535504659076,0.052301216125488326
tabby_cat,mean_diff,27,projection,6.0,0.0,0.4353370527426402,0.8254220883051554,0.0,0.4646729866663615,0.999999753634135,0.0,0.029335933923721302,0.17457766532897956
tabby_cat,mean_diff,27,projection,10.0,0.0,0.2744463990132014,0.5392714420954386,0.0,0.4646729866663615,0.999999753634135,0.0,0.19022658765316008,0.4607283115386963
tabby_cat,mean_diff,27,projection,15.0,0.0,0.16381005694468817,0.2776040405035019,0.0,0.4646729866663615,0.999999753634135,0.0,0.3008629297216733,0.7223957131306331
tabby_cat,mean_diff,27,projection,20.0,0.0,0.10370328476031622,0.15311351815859478,0.0,0.4646729866663615,0.999999753634135,0.0,0.36096970190604527,0.8468862354755402
tabby_cat,svm,16,projection,3.0,0.0,0.4352702577908834,0.9260810454686482,0.0,0.4646729866663615,0.999999753634135,0.0,0.029402728875478068,0.07391870816548674
tabby_cat,svm,16,projection,6.0,0.0,0.35264100233713785,0.7922046422958374,0.0,0.4646729866663615,0.999999753634135,0.0,0.11203198432922362,0.20779511133829753
tabby_cat,svm,16,projection,10.0,0.0,0.30305346846580505,0.6551365931828816,0.0,0.4646729866663615,0.999999753634135,0.0,0.16161951820055642,0.3448631604512533
tabby_cat,svm,16,projection,15.0,0.0,0.31190129021803537,0.5669720093409221,0.0,0.4646729866663615,0.999999753634135,0.0,0.1527716964483261,0.4330277442932129
tabby_cat,svm,16,projection,20.0,0.0,0.33820636868476867,0.4435876965522766,0.0,0.4646729866663615,0.999999753634135,0.0,0.1264666179815928,0.5564120570818584
tabby_cat,svm,24,projection,3.0,0.0,0.47100475629170735,0.9622504512468973,0.0,0.4646729866663615,0.999999753634135,0.0,-0.006331769625345873,0.037749302387237615
tabby_cat,svm,24,projection,6.0,0.0,0.4457350413004557,0.8819532752037048,0.0,0.4646729866663615,0.999999753634135,0.0,0.01893794536590576,0.11804647843043015
tabby_cat,svm,24,projection,10.0,0.0,0.389115971326828,0.762826402982076,0.0,0.4646729866663615,0.999999753634135,0.0,0.07555701533953346,0.2371733506520589
tabby_cat,svm,24,projection,15.0,0.0,0.3275944272677104,0.6434764305750529,0.0,0.4646729866663615,0.999999753634135,0.0,0.1370785593986511,0.3565233230590821
tabby_cat,svm,24,projection,20.0,0.0,0.27273925046126046,0.4847102661927541,0.0,0.4646729866663615,0.999999753634135,0.0,0.191933736205101,0.5152894874413809
tabby_cat,svm,27,projection,3.0,0.0,0.4826935370763143,0.9902137597401937,0.0,0.4646729866663615,0.999999753634135,0.0,-0.018020550409952818,0.009785993893941303
tabby_cat,svm,27,projection,6.0,0.0,0.49117721716562907,0.9666471759478251,0.0,0.4646729866663615,0.999999753634135,0.0,-0.02650423049926759,0.03335257768630984
tabby_cat,svm,27,projection,10.0,0.0,0.4645253598690033,0.92180921236674,0.0,0.4646729866663615,0.999999753634135,0.0,0.00014762679735819129,0.078190541267395
tabby_cat,svm,27,projection,15.0,0.0,0.4137387176354726,0.8491380214691162,0.0,0.4646729866663615,0.999999753634135,0.0,0.05093426903088888,0.15086173216501875
tabby_cat,svm,27,projection,20.0,0.0,0.36593674421310424,0.7442558884620667,0.0,0.4646729866663615,0.999999753634135,0.0,0.09873624245325724,0.25574386517206826
golden_retriever,mean_diff,16,projection,3.0,0.3333333333333333,0.5487852295239767,0.9655696193377177,0.3333333333333333,0.46799005270004274,0.9999996821085612,0.0,-0.08079517682393395,0.034430062770843484
golden_retriever,mean_diff,16,projection,6.0,0.3333333333333333,0.5276667773723602,0.9174929817517599,0.3333333333333333,0.46799005270004274,0.9999996821085612,0.0,-0.059676724672317494,0.0825067003568013
golden_retriever,mean_diff,16,projection,10.0,0.0,0.44497517744700116,0.792858874797821,0.3333333333333333,0.46799005270004274,0.9999996821085612,0.3333333333333333,0.023014875253041578,0.20714080731074014
golden_retriever,mean_diff,16,projection,15.0,0.0,0.3983022630214691,0.6101278702418009,0.3333333333333333,0.46799005270004274,0.9999996821085612,0.3333333333333333,0.06968778967857364,0.38987181186676023
golden_retriever,mean_diff,16,projection,20.0,0.0,0.2872069833179315,0.4479859670003255,0.3333333333333333,0.46799005270004274,0.9999996821085612,0.3333333333333333,0.18078306938211125,0.5520137151082356
golden_retriever,mean_diff,24,projection,3.0,0.3333333333333333,0.5225745598475139,0.9772217988967895,0.3333333333333333,0.46799005270004274,0.9999996821085612,0.0,-0.05458450714747115,0.022777883211771655
golden_retriever,mean_diff,24,projection,6.0,0.26666666666666666,0.5369394779205322,0.9290340622266133,0.3333333333333333,0.46799005270004274,0.9999996821085612,0.06666666666666665,-0.06894942522048947,0.07096561988194783
golden_retriever,mean_diff,24,projection,10.0,0.0,0.4866165558497111,0.8547417044639587,0.3333333333333333,0.46799005270004274,0.9999996821085612,0.3333333333333333,-0.01862650314966835,0.14525797764460247
golden_retriever,mean_diff,24,projection,15.0,0.0,0.3928460200627645,0.6869456688563029,0.3333333333333333,0.46799005270004274,0.9999996821085612,0.3333333333333333,0.07514403263727826,0.31305401325225823
golden_retriever,mean_diff,24,projection,20.0,0.0,0.32081233461697894,0.5161447177330653,0.3333333333333333,0.46799005270004274,0.9999996821085612,0.3333333333333333,0.1471777180830638,0.4838549643754959
golden_retriever,mean_diff,27,projection,3.0,0.3333333333333333,0.5201160152753194,0.9720553159713745,0.3333333333333333,0.46799005270004274,0.9999996821085612,0.0,-0.05212596257527663,0.02794436613718665
golden_retriever,mean_diff,27,projection,6.0,0.26666666666666666,0.5212264815966289,0.9056306044260661,0.3333333333333333,0.46799005270004274,0.9999996821085612,0.06666666666666665,-0.05323642889658614,0.09436907768249503
golden_retriever,mean_diff,27,projection,10.0,0.0,0.44467947681744896,0.7774625738461812,0.3333333333333333,0.46799005270004274,0.9999996821085612,0.3333333333333333,0.023310575882593776,0.22253710826237993
golden_retriever,mean_diff,27,projection,15.0,0.0,0.3490039438009262,0.5752962867418925,0.3333333333333333,0.46799005270004274,0.9999996821085612,0.3333333333333333,0.11898610889911654,0.4247033953666687
golden_retriever,mean_diff,27,projection,20.0,0.0,0.2803281327088674,0.4104471882184347,0.3333333333333333,0.46799005270004274,0.9999996821085612,0.3333333333333333,0.18766191999117532,0.5895524938901264
golden_retriever,svm,16,projection,3.0,0.3333333333333333,0.5485212405522665,0.9703917105992635,0.3333333333333333,0.46799005270004274,0.9999996821085612,0.0,-0.08053118785222374,0.029607971509297615
golden_retriever,svm,16,projection,6.0,0.3333333333333333,0.5840735673904419,0.9326080997784932,0.3333333333333333,0.46799005270004274,0.9999996821085612,0.0,-0.11608351469039918,0.06739158233006792
golden_retriever,svm,16,projection,10.0,0.06666666666666667,0.5432474851608277,0.8693784594535827,0.3333333333333333,0.46799005270004274,0.9999996821085612,0.26666666666666666,-0.07525743246078492,0.13062122265497844
golden_retriever,svm,16,projection,15.0,0.0,0.46792351206143695,0.7378390192985534,0.3333333333333333,0.46799005270004274,0.9999996821085612,0.3333333333333333,6.654063860578319e-05,0.2621606628100077
golden_retriever,svm,16,projection,20.0,0.0,0.4806430220603943,0.5716016292572021,0.3333333333333333,0.46799005270004274,0.9999996821085612,0.3333333333333333,-0.01265296936035154,0.428398052851359
golden_retriever,svm,24,projection,3.0,0.3333333333333333,0.5155389070510864,0.9802377859751383,0.3333333333333333,0.46799005270004274,0.9999996821085612,0.0,-0.04754885435104367,0.01976189613342283
golden_retriever,svm,24,projection,6.0,0.06666666666666667,0.5174149096012115,0.9417711178461711,0.3333333333333333,0.46799005270004274,0.9999996821085612,0.26666666666666666,-0.04942485690116877,0.05822856426239009
golden_retriever,svm,24,projection,10.0,0.0,0.4770602484544118,0.860435958703359,0.3333333333333333,0.46799005270004274,0.9999996821085612,0.3333333333333333,-0.00907019575436907,0.13956372340520218
golden_retriever,svm,24,projection,15.0,0.0,0.3929832021395365,0.7090385814507802,0.3333333333333333,0.46799005270004274,0.9999996821085612,0.3333333333333333,0.07500685056050621,0.2909611006577809
golden_retriever,svm,24,projection,20.0,0.0,0.3234194844961166,0.5623907893896103,0.3333333333333333,0.46799005270004274,0.9999996821085612,0.3333333333333333,0.1445705682039261,0.43760889271895087
golden_retriever,svm,27,projection,3.0,0.3333333333333333,0.5040164530277252,0.9833811601003011,0.3333333333333333,0.46799005270004274,0.9999996821085612,0.0,-0.036026400327682506,0.016618522008260084
golden_retriever,svm,27,projection,6.0,0.26666666666666666,0.5125383377075196,0.9403696338335673,0.3333333333333333,0.46799005270004274,0.9999996821085612,0.06666666666666665,-0.04454828500747682,0.05963004827499385
golden_retriever,svm,27,projection,10.0,0.0,0.4587573826313019,0.848099152247111,0.3333333333333333,0.46799005270004274,0.9999996821085612,0.3333333333333333,0.009232670068740845,0.1519005298614502
golden_retriever,svm,27,projection,15.0,0.0,0.3980886697769165,0.7072100480397542,0.3333333333333333,0.46799005270004274,0.9999996821085612,0.3333333333333333,0.06990138292312625,0.292789634068807
golden_retriever,svm,27,projection,20.0,0.0,0.3450641979773839,0.5758734583854676,0.3333333333333333,0.46799005270004274,0.9999996821085612,0.3333333333333333,0.12292585472265882,0.4241262237230936
labrador_retriever,mean_diff,16,projection,3.0,0.8666666666666667,0.5339411636193593,0.9709541360537212,0.8666666666666667,0.48061212301254275,0.9999997576077779,0.0,-0.053329040606816536,0.029045621554056766
labrador_retriever,mean_diff,16,projection,6.0,0.6666666666666666,0.5435723423957824,0.9185686310132345,0.8666666666666667,0.48061212301254275,0.9999997576077779,0.20000000000000007,-0.0629602193832397,0.08143112659454343
labrador_retriever,mean_diff,16,projection,10.0,0.4666666666666667,0.23341778715451558,0.7520146489143371,0.8666666666666667,0.48061212301254275,0.9999997576077779,0.4,0.24719433585802716,0.24798510869344081
labrador_retriever,mean_diff,16,projection,15.0,0.0,-0.4911005675792694,0.35449840625127155,0.8666666666666667,0.48061212301254275,0.9999997576077779,0.8666666666666667,0.9717126905918121,0.6455013513565064
labrador_retriever,mean_diff,16,projection,20.0,0.0,,,0.8666666666666667,0.48061212301254275,0.9999997576077779,0.8666666666666667,,
labrador_retriever,mean_diff,24,projection,3.0,0.7333333333333333,0.5131595611572266,0.9794524749120076,0.8666666666666667,0.48061212301254275,0.9999997576077779,0.13333333333333341,-0.03254743814468386,0.02054728269577033
labrador_retriever,mean_diff,24,projection,6.0,0.4666666666666667,0.5246666510899861,0.9354072292645772,0.8666666666666667,0.48061212301254275,0.9999997576077779,0.4,-0.04405452807744337,0.06459252834320073
labrador_retriever,mean_diff,24,projection,10.0,0.4,0.5157327612241109,0.864053742090861,0.8666666666666667,0.48061212301254275,0.9999997576077779,0.4666666666666667,-0.03512063821156819,0.13594601551691687
labrador_retriever,mean_diff,24,projection,15.0,0.0,0.45619077881177267,0.7290924549102783,0.8666666666666667,0.48061212301254275,0.9999997576077779,0.8666666666666667,0.02442134420077008,0.27090730269749963
labrador_retriever,mean_diff,24,projection,20.0,0.0,0.3937285671631495,0.5567282795906067,0.8666666666666667,0.48061212301254275,0.9999997576077779,0.8666666666666667,0.08688355584939322,0.44327147801717126
labrador_retriever,mean_diff,27,projection,3.0,0.7333333333333333,0.513169938325882,0.9752810955047607,0.8666666666666667,0.48061212301254275,0.9999997576077779,0.13333333333333341,-0.03255781531333923,0.024718662103017208
labrador_retriever,mean_diff,27,projection,6.0,0.4666666666666667,0.516266663869222,0.9162982702255249,0.8666666666666667,0.48061212301254275,0.9999997576077779,0.4,-0.035654540856679295,0.08370148738225303
labrador_retriever,mean_diff,27,projection,10.0,0.4,0.4715264101823171,0.8054450551668803,0.8666666666666667,0.48061212301254275,0.9999997576077779,0.4666666666666667,0.009085712830225634,0.19455470244089768
labrador_retriever,mean_diff,27,projection,15.0,0.4,0.40825648109118146,0.6179351369539897,0.8666666666666667,0.48061212301254275,0.9999997576077779,0.4666666666666667,0.07235564192136129,0.3820646206537882
labrador_retriever,mean_diff,27,projection,20.0,0.0,0.3499605029821396,0.44341586430867513,0.8666666666666667,0.48061212301254275,0.9999997576077779,0.8666666666666667,0.13065162003040315,0.5565838932991027
labrador_retriever,svm,16,projection,3.0,0.8666666666666667,0.5330529769261678,0.9683976372083029,0.8666666666666667,0.48061212301254275,0.9999997576077779,0.0,-0.052440853913625074,0.031602120399475075
labrador_retriever,svm,16,projection,6.0,0.6666666666666666,0.5299231966336568,0.9115080396334331,0.8666666666666667,0.48061212301254275,0.9999997576077779,0.20000000000000007,-0.04931107362111409,0.08849171797434485
labrador_retriever,svm,16,projection,10.0,0.4,0.4153593639532725,0.8057666381200155,0.8666666666666667,0.48061212301254275,0.9999997576077779,0.4666666666666667,0.06525275905927025,0.19423311948776245
labrador_retriever,svm,16,projection,15.0,0.3333333333333333,0.3696652889251709,0.6693878372510275,0.8666666666666667,0.48061212301254275,0.9999997576077779,0.5333333333333334,0.11094683408737183,0.33061192035675047
labrador_retriever,svm,16,projection,20.0,0.0,0.33977735936641695,0.5621267080307006,0.8666666666666667,0.48061212301254275,0.9999997576077779,0.8666666666666667,0.1408347636461258,0.4378730495770773
labrador_retriever,svm,24,projection,3.0,0.7333333333333333,0.5129498481750489,0.9773072997728983,0.8666666666666667,0.48061212301254275,0.9999997576077779,0.13333333333333341,-0.032337725162506104,0.02269245783487961
labrador_retriever,svm,24,projection,6.0,0.4666666666666667,0.531492551167806,0.9281689643859863,0.8666666666666667,0.48061212301254275,0.9999997576077779,0.4,-0.05088042815526328,0.07183079322179164
labrador_retriever,svm,24,projection,10.0,0.4,0.5101240952809651,0.8495822509129842,0.8666666666666667,0.48061212301254275,0.9999997576077779,0.4666666666666667,-0.029511972268422393,0.1504175066947937
labrador_retriever,svm,24,projection,15.0,0.0,0.4650082369645437,0.6923029502232869,0.8666666666666667,0.48061212301254275,0.9999997576077779,0.8666666666666667,0.01560388604799906,0.307696807384491
labrador_retriever,svm,24,projection,20.0,0.0,0.4016564687093099,0.5085309147834778,0.8666666666666667,0.48061212301254275,0.9999997576077779,0.8666666666666667,0.07895565430323287,0.49146884282430015
labrador_retriever,svm,27,projection,3.0,0.7333333333333333,0.4972970485687256,0.9803010861078898,0.8666666666666667,0.48061212301254275,0.9999997576077779,0.13333333333333341,-0.01668492555618284,0.019698671499888132
labrador_retriever,svm,27,projection,6.0,0.4666666666666667,0.49874468048413595,0.9303306976954142,0.8666666666666667,0.48061212301254275,0.9999997576077779,0.4,-0.018132557471593203,0.06966905991236372
labrador_retriever,svm,27,projection,10.0,0.4,0.47705192963282267,0.8456756273905436,0.8666666666666667,0.48061212301254275,0.9999997576077779,0.4666666666666667,0.003560193379720078,0.15432413021723435
labrador_retriever,svm,27,projection,15.0,0.4,0.4389545361200968,0.7046197056770325,0.8666666666666667,0.48061212301254275,0.9999997576077779,0.4666666666666667,0.04165758689244592,0.29538005193074546
labrador_retriever,svm,27,projection,20.0,0.06666666666666667,0.3887547731399536,0.5396233757336935,0.8666666666666667,0.48061212301254275,0.9999997576077779,0.8,0.09185734987258914,0.4603763818740845
bird,mean_diff,16,projection,15.0,0.06666666666666667,,,0.0,0.4855507870515188,0.9999997655550639,-0.06666666666666667,,
bird,mean_diff,16,projection,20.0,0.0,,,0.0,0.4855507870515188,0.9999997655550639,0.0,,
bird,mean_diff,24,projection,3.0,0.0,0.4544143637021383,0.8706861734390259,0.0,0.4855507870515188,0.9999997655550639,0.0,0.031136423349380493,0.129313592116038
bird,mean_diff,24,projection,6.0,0.0,0.3121254404385885,0.5580825328826904,0.0,0.4855507870515188,0.9999997655550639,0.0,0.1734253466129303,0.4419172326723735
bird,mean_diff,24,projection,10.0,0.0,-0.00485339742153883,0.14662649283806484,0.0,0.4855507870515188,0.9999997655550639,0.0,0.4904041844730576,0.853373272716999
bird,mean_diff,24,projection,15.0,0.0,-0.12678915013869604,0.017572575807571413,0.0,0.4855507870515188,0.9999997655550639,0.0,0.6123399371902148,0.9824271897474924
bird,mean_diff,24,projection,20.0,0.0,-0.2220108340183894,-0.00580093041062355,0.0,0.4855507870515188,0.9999997655550639,0.0,0.7075616210699082,1.0058006959656873
bird,mean_diff,27,projection,3.0,0.0,0.4286759078502655,0.8478426496187846,0.0,0.4855507870515188,0.9999997655550639,0.0,0.05687487920125328,0.15215711593627923
bird,mean_diff,27,projection,6.0,0.0,0.14752676983674368,0.4349615414937337,0.0,0.4855507870515188,0.9999997655550639,0.0,0.3380240172147751,0.5650382240613301
bird,mean_diff,27,projection,10.0,0.0,-0.04901188512643178,0.12584883123636245,0.0,0.4855507870515188,0.9999997655550639,0.0,0.5345626721779505,0.8741509343187014
bird,mean_diff,27,projection,15.0,0.0,-0.12817368159691492,0.01810025138159593,0.0,0.4855507870515188,0.9999997655550639,0.0,0.6137244686484337,0.981899514173468
bird,mean_diff,27,projection,20.0,0.0,-0.1924373745918274,-0.011770542214314143,0.0,0.4855507870515188,0.9999997655550639,0.0,0.6779881616433462,1.011770307769378
bird,svm,16,projection,20.0,0.0,0.006422131756941478,0.3588628073533376,0.0,0.4855507870515188,0.9999997655550639,0.0,0.4791286552945773,0.6411369582017263
bird,svm,24,projection,3.0,0.0,0.49837403496106464,0.9837687969207763,0.0,0.4855507870515188,0.9999997655550639,0.0,-0.012823247909545865,0.016230968634287524
bird,svm,24,projection,6.0,0.0,0.4770496129989624,0.9352851708730062,0.0,0.4855507870515188,0.9999997655550639,0.0,0.008501174052556348,0.06471459468205765
bird,svm,24,projection,10.0,0.0,0.42972137530644733,0.8421815156936645,0.0,0.4855507870515188,0.9999997655550639,0.0,0.055829411745071444,0.15781824986139936
bird,svm,24,projection,15.0,0.0,0.39411287506421405,0.7123565713564555,0.0,0.4855507870515188,0.9999997655550639,0.0,0.09143791198730472,0.2876431941986084
bird,svm,24,projection,20.0,0.0,0.3832443634668986,0.5848476847012838,0.0,0.4855507870515188,0.9999997655550639,0.0,0.10230642358462017,0.4151520808537801
bird,svm,27,projection,3.0,0.0,0.5072355250517527,0.9915104548136393,0.0,0.4855507870515188,0.9999997655550639,0.0,-0.02168473800023396,0.00848931074142456
bird,svm,27,projection,6.0,0.0,0.5134691536426544,0.9668991168340048,0.0,0.4855507870515188,0.9999997655550639,0.0,-0.027918366591135668,0.03310064872105911
bird,svm,27,projection,10.0,0.0,0.5059269746144612,0.9169615705808004,0.0,0.4855507870515188,0.9999997655550639,0.0,-0.02037618756294246,0.08303819497426346
bird,svm,27,projection,15.0,0.0,0.4881411929925283,0.8312867522239685,0.0,0.4855507870515188,0.9999997655550639,0.0,-0.0025904059410095104,0.16871301333109534
bird,svm,27,projection,20.0,0.0,0.4596308171749115,0.7384615898132324,0.0,0.4855507870515188,0.9999997655550639,0.0,0.025919969876607274,0.26153817574183147
spider,mean_diff,16,projection,3.0,0.0,0.5036124487717947,0.975362773736318,0.0,0.49094905853271487,0.9999997178713481,0.0,-0.012663390239079808,0.024636944135030148
spider,mean_diff,16,projection,6.0,0.0,0.45854403972625735,0.9355600635210674,0.0,0.49094905853271487,0.9999997178713481,0.0,0.03240501880645752,0.06443965435028076
spider,mean_diff,16,projection,10.0,0.0,-0.39108190635840095,0.5492054641246795,0.0,0.49094905853271487,0.9999997178713481,0.0,0.8820309648911158,0.4507942537466686
spider,mean_diff,16,projection,15.0,0.0,-0.4970507780710856,0.2551410655180613,0.0,0.49094905853271487,0.9999997178713481,0.0,0.9879998366038005,0.7448586523532867
spider,mean_diff,16,projection,20.0,0.0,-0.5042547901471456,0.12056420867641766,0.0,0.49094905853271487,0.9999997178713481,0.0,0.9952038486798604,0.8794355091949304
spider,mean_diff,24,projection,3.0,0.0,0.46430089076360065,0.9576168258984884,0.0,0.49094905853271487,0.9999997178713481,0.0,0.026648167769114217,0.042382891972859715
spider,mean_diff,24,projection,6.0,0.0,0.4379315237204234,0.8895270466804505,0.0,0.49094905853271487,0.9999997178713481,0.0,0.05301753481229149,0.11047267119089765
spider,mean_diff,24,projection,10.0,0.0,0.4097899834314982,0.7793475349744161,0.0,0.49094905853271487,0.9999997178713481,0.0,0.08115907510121667,0.220652182896932
spider,mean_diff,24,projection,15.0,0.0,0.3096975088119507,0.5813513418038686,0.0,0.49094905853271487,0.9999997178713481,0.0,0.18125154972076418,0.4186483760674795
spider,mean_diff,24,projection,20.0,0.0,0.19430000483989715,0.4064421991507212,0.0,0.49094905853271487,0.9999997178713481,0.0,0.2966490536928177,0.5935575187206269
spider,mean_diff,27,projection,3.0,0.0,0.46367738048235574,0.9631720344225566,0.0,0.49094905853271487,0.9999997178713481,0.0,0.027271678050359127,0.036827683448791504
spider,mean_diff,27,projection,6.0,0.0,0.41677951216697695,0.8871416846911112,0.0,0.49094905853271487,0.9999997178713481,0.0,0.07416954636573792,0.1128580331802369
spider,mean_diff,27,projection,10.0,0.0,0.33290504217147826,0.7572534998257955,0.0,0.49094905853271487,0.9999997178713481,0.0,0.1580440163612366,0.24274621804555263
spider,mean_diff,27,projection,15.0,0.0,0.22371488312880197,0.5606240173180898,0.0,0.49094905853271487,0.9999997178713481,0.0,0.2672341754039129,0.43937570055325836
spider,mean_diff,27,projection,20.0,0.0,0.13900165259838104,0.39306733310222625,0.0,0.49094905853271487,0.9999997178713481,0.0,0.3519474059343338,0.6069323847691219
spider,svm,16,projection,3.0,0.0,0.4904225766658783,0.9719484567642211,0.0,0.49094905853271487,0.9999997178713481,0.0,0.0005264818668365701,0.028051261107126968
spider,svm,16,projection,6.0,0.0,0.4510199268658956,0.9075957298278808,0.0,0.49094905853271487,0.9999997178713481,0.0,0.03992913166681927,0.09240398804346728
spider,svm,16,projection,10.0,0.0,0.3911667108535767,0.8105730454126994,0.0,0.49094905853271487,0.9999997178713481,0.0,0.09978234767913818,0.18942667245864875
spider,svm,16,projection,15.0,0.0,0.35307133992513023,0.7148752888043721,0.0,0.49094905853271487,0.9999997178713481,0.0,0.13787771860758463,0.285124429066976
spider,svm,16,projection,20.0,0.0,0.3343983252843221,0.6508035977681478,0.0,0.49094905853271487,0.9999997178713481,0.0,0.15655073324839275,0.34919612010320034
spider,svm,24,projection,3.0,0.0,0.5184210817019145,0.9803487141927083,0.0,0.49094905853271487,0.9999997178713481,0.0,-0.02747202316919961,0.01965100367863981
spider,svm,24,projection,6.0,0.0,0.5099830110867818,0.9475569923718771,0.0,0.49094905853271487,0.9999997178713481,0.0,-0.019033952554066924,0.05244272549947104
spider,svm,24,projection,10.0,0.0,0.48128995100657146,0.8898473660151164,0.0,0.49094905853271487,0.9999997178713481,0.0,0.009659107526143407,0.11015235185623173
spider,svm,24,projection,15.0,0.0,0.42736388047536217,0.8185535947481791,0.0,0.49094905853271487,0.9999997178713481,0.0,0.0635851780573527,0.181446123123169
spider,svm,24,projection,20.0,0.0,0.37638880610466,0.7602232058842977,0.0,0.49094905853271487,0.9999997178713481,0.0,0.11456025242805484,0.2397765119870504
spider,svm,27,projection,3.0,0.0,0.5226034382979076,0.9893149534861246,0.0,0.49094905853271487,0.9999997178713481,0.0,-0.0316543797651927,0.010684764385223477
spider,svm,27,projection,6.0,0.0,0.5288005034128825,0.9707209825515747,0.0,0.49094905853271487,0.9999997178713481,0.0,-0.03785144488016767,0.02927873531977343
spider,svm,27,projection,10.0,0.0,0.5105306426684062,0.9369125247001648,0.0,0.49094905853271487,0.9999997178713481,0.0,-0.019581584135691332,0.06308719317118328
spider,svm,27,projection,15.0,0.0,0.4641461213429769,0.8907374660174052,0.0,0.49094905853271487,0.9999997178713481,0.0,0.026802937189737974,0.1092622518539429
spider,svm,27,projection,20.0,0.0,0.41410406430562335,0.8465900858243306,0.0,0.49094905853271487,0.9999997178713481,0.0,0.07684499422709151,0.15340963204701752
candle,mean_diff,16,projection,3.0,1.0,0.5705334623654683,0.9462404092152913,1.0,0.5357110957304637,0.999999737739563,0.0,-0.0348223666350046,0.05375932852427168
candle,mean_diff,16,projection,6.0,0.0,0.5447523673375447,0.7839678645133972,1.0,0.5357110957304637,0.999999737739563,1.0,-0.009041271607081014,0.2160318732261658
candle,mean_diff,16,projection,10.0,0.0,-0.4931388517220815,0.28169268170992534,1.0,0.5357110957304637,0.999999737739563,1.0,1.0288499474525452,0.7183070560296376
candle,mean_diff,16,projection,15.0,0.0,,,1.0,0.5357110957304637,0.999999737739563,1.0,,
candle,mean_diff,16,projection,20.0,0.06666666666666667,,,1.0,0.5357110957304637,0.999999737739563,0.9333333333333333,,
candle,mean_diff,24,projection,3.0,0.0,0.46054555972417194,0.9466215093930562,1.0,0.5357110957304637,0.999999737739563,1.0,0.07516553600629178,0.05337822834650674
candle,mean_diff,24,projection,6.0,0.0,0.4515085975329081,0.8456716895103454,1.0,0.5357110957304637,0.999999737739563,1.0,0.0842024981975556,0.15432804822921753
candle,mean_diff,24,projection,10.0,0.0,0.3192034343878428,0.6470636785030365,1.0,0.5357110957304637,0.999999737739563,1.0,0.2165076613426209,0.3529360592365265
candle,mean_diff,24,projection,15.0,0.0,0.14983214909831682,0.39162983000278473,1.0,0.5357110957304637,0.999999737739563,1.0,0.3858789466321469,0.6083699077367782
candle,mean_diff,24,projection,20.0,0.0,0.0597245774542292,0.23910012642542522,1.0,0.5357110957304637,0.999999737739563,1.0,0.4759865182762345,0.7608996113141377
candle,mean_diff,27,projection,3.0,0.0,0.47833449045817056,0.9702335675557454,1.0,0.5357110957304637,0.999999737739563,1.0,0.05737660527229316,0.029766170183817553
candle,mean_diff,27,projection,6.0,0.0,0.39891428748766583,0.8961373964945475,1.0,0.5357110957304637,0.999999737739563,1.0,0.13679680824279788,0.10386234124501548
candle,mean_diff,27,projection,10.0,0.0,0.3030911316474279,0.7662822564442953,1.0,0.5357110957304637,0.999999737739563,1.0,0.2326199640830358,0.2337174812952677
candle,mean_diff,27,projection,15.0,0.0,0.2049219513932864,0.6018462181091309,1.0,0.5357110957304637,0.999999737739563,1.0,0.3307891443371773,0.3981535196304321
candle,mean_diff,27,projection,20.0,0.0,0.1396904245018959,0.4622775177160899,1.0,0.5357110957304637,0.999999737739563,1.0,0.3960206712285678,0.537722220023473
candle,svm,16,projection,3.0,1.0,0.5666558106740316,0.9865765849749247,1.0,0.5357110957304637,0.999999737739563,0.0,-0.030944714943567875,0.013423152764638235
candle,svm,16,projection,6.0,0.13333333333333333,0.5731188615163167,0.9612934589385986,1.0,0.5357110957304637,0.999999737739563,0.8666666666666667,-0.03740776578585303,0.03870627880096433
candle,svm,16,projection,10.0,0.0,0.5335211396217346,0.9198562622070312,1.0,0.5357110957304637,0.999999737739563,1.0,0.002189956108729074,0.08014347553253176
candle,svm,16,projection,15.0,0.0,0.4992369055747986,0.8651832381884257,1.0,0.5357110957304637,0.999999737739563,1.0,0.03647419015566511,0.13481649955113728
candle,svm,16,projection,20.0,0.0,0.463222931822141,0.80375763575236,1.0,0.5357110957304637,0.999999737739563,1.0,0.07248816390832269,0.19624210198720293
candle,svm,24,projection,3.0,0.8666666666666667,0.5328027546405792,0.9949384093284607,1.0,0.5357110957304637,0.999999737739563,0.1333333333333333,0.0029083410898844697,0.005061328411102295
candle,svm,24,projection,6.0,0.06666666666666667,0.5162548919518789,0.9851682504018148,1.0,0.5357110957304637,0.999999737739563,0.9333333333333333,0.019456203778584813,0.014831487337748195
candle,svm,24,projection,10.0,0.0,0.4888406912485758,0.9647124489148458,1.0,0.5357110957304637,0.999999737739563,1.0,0.046870404481887895,0.03528728882471721
candle,svm,24,projection,15.0,0.0,0.43438787261645,0.9285767833391826,1.0,0.5357110957304637,0.999999737739563,1.0,0.1013232231140137,0.07142295440038038
candle,svm,24,projection,20.0,0.0,0.38250149687131246,0.8867698073387146,1.0,0.5357110957304637,0.999999737739563,1.0,0.15320959885915125,0.11322993040084839
candle,svm,27,projection,3.0,0.8,0.5337285995483398,0.9951124747594198,1.0,0.5357110957304637,0.999999737739563,0.19999999999999996,0.001982496182123872,0.004887262980143192
candle,svm,27,projection,6.0,0.06666666666666667,0.5211679935455322,0.9837711373964946,1.0,0.5357110957304637,0.999999737739563,0.9333333333333333,0.014543102184931489,0.01622860034306839
candle,svm,27,projection,10.0,0.0,0.4825299183527629,0.9582749962806701,1.0,0.5357110957304637,0.999999737739563,1.0,0.05318117737770084,0.04172474145889282
candle,svm,27,projection,15.0,0.0,0.42072330315907797,0.9144856492678325,1.0,0.5357110957304637,0.999999737739563,1.0,0.11498779257138575,0.08551408847173048
candle,svm,27,projection,20.0,0.0,0.37545933326085407,0.8661253492037455,1.0,0.5357110957304637,0.999999737739563,1.0,0.16025176246960965,0.13387438853581746
