ablated_concept,measured_concept,on_target,r1_accuracy,r2a_similarity,r2b_similarity,delta_r1,delta_r2a,delta_r2b
golden_retriever,golden_retriever,True,0.06666666666666667,0.5518163899580638,0.9984252691268921,0.0,-0.007349216938018821,0.0015745162963867188
golden_retriever,labrador_retriever,False,1.0,0.5652612944444021,0.9983895977338155,0.0,-0.00825112263361616,0.0016100962956746567
golden_retriever,tabby_cat,False,0.0,0.5726452569166819,0.9984054287274678,0.0,-0.01024826765060416,0.0015943050384521484
labrador_retriever,golden_retriever,False,0.06666666666666667,0.5481087545553843,0.9986075480779012,0.0,-0.0036415815353393333,0.0013922373453776338
labrador_retriever,labrador_retriever,True,1.0,0.5606177071730296,0.9985390504201254,0.0,-0.0036075353622436745,0.00146064360936482
labrador_retriever,tabby_cat,False,0.0,0.5689805666605632,0.998525333404541,0.0,-0.006583577394485451,0.0014744003613790246
tabby_cat,golden_retriever,False,0.06666666666666667,0.550999003648758,0.9985850135485331,0.0,-0.006531830628712987,0.0014147718747457017
tabby_cat,labrador_retriever,False,1.0,0.5643295248349508,0.9986122330029805,0.0,-0.007319353024164865,0.001387461026509662
tabby_cat,tabby_cat,True,0.0,0.568612519900004,0.9986558278401693,0.0,-0.006215530633926325,0.0013439059257507324
